{
	"class_name" : "PinholeCameraParameters",
	"extrinsic" : 
	[
		0.9655457126951732,
		0.051857936102276181,
		-0.25501417834932733,
		0.0,
		0.24925209902018561,
		-0.46595440992516168,
		0.84897578234324567,
		0.0,
		-0.074798849122174799,
		-0.88328774605702909,
		-0.46282598223899607,
		0.0,
		-0.03269074402133091,
		-0.20078606459128223,
		1.6799073290056541,
		1.0
	],
	"intrinsic" : 
	{
		"height" : 600,
		"intrinsic_matrix" : 
		[
			519.6152422706632,
			0.0,
			0.0,
			0.0,
			519.6152422706632,
			0.0,
			399.5,
			299.5,
			1.0
		],
		"width" : 800
	},
	"version_major" : 1,
	"version_minor" : 0
}